HOOD_158,NEIGHBOURHOOD_158
100,Yonge-Eglinton (100)
101,Forest Hill South (101)
102,Forest Hill North (102)
103,Lawrence Park South (103)
105,Lawrence Park North (105)
106,Humewood-Cedarvale (106)
107,Oakwood Village (107)
108,Briar Hill-Belgravia (108)
109,Caledonia-Fairbank (109)
110,Keelesdale-Eglinton West (110)
111,Rockcliffe-Smythe (111)
112,Beechborough-Greenbrook (112)
113,Weston (113)
114,Lambton Baby Point (114)
115,Mount Dennis (115)
116,Steeles (116)
118,Tam O'Shanter-Sullivan (118)
119,Wexford/Maryvale (119)
120,Clairlea-Birchmount (120)
121,Oakridge (121)
122,Birchcliffe-Cliffside (122)
123,Cliffcrest (123)
124,Kennedy Park (124)
125,Ionview (125)
126,Dorset Park (126)
128,Agincourt South-Malvern West (128)
129,Agincourt North (129)
130,Milliken (130)
133,Centennial Scarborough (133)
134,Highland Creek (134)
135,Morningside (135)
136,West Hill (136)
138,Eglinton East (138)
139,Scarborough Village (139)
140,Guildwood (140)
141,Golfdale-Cedarbrae-Woburn (141)
142,Woburn North (142)
143,West Rouge (143)
144,Morningside Heights (144)
145,Malvern West (145)
146,Malvern East (146)
147,L'Amoreaux West (147)
148,East L'Amoreaux (148)
149,Parkwoods-O'Connor Hills (149)
150,Fenside-Parkwoods (150)
151,Yonge-Doris (151)
152,East Willowdale (152)
153,Avondale (153)
154,Oakdale-Beverley Heights (154)
155,Downsview (155)
156,Bendale-Glen Andrew (156)
157,Bendale South (157)
158,Islington (158)
159,Etobicoke City Centre (159)
160,Mimico-Queensway (160)
161,Humber Bay Shores (161)
162,West Queen West (162)
163,Fort York-Liberty Village (163)
164,Wellington Place (164)
165,Harbourfront-CityPlace (165)
166,St Lawrence-East Bayfront-The Islands (166)
167,Church-Wellesley (167)
168,Downtown Yonge East (168)
169,Bay-Cloverhill (169)
170,Yonge-Bay Corridor (170)
171,Junction-Wallace Emerson (171)
172,Dovercourt Village (172)
173,North Toronto (173)
174,South Eglinton-Davisville (174)
1,West Humber-Clairville (1)
2,Mount Olive-Silverstone-Jamestown (2)
3,Thistletown-Beaumond Heights (3)
4,Rexdale-Kipling (4)
5,Elms-Old Rexdale (5)
6,Kingsview Village-The Westway (6)
7,Willowridge-Martingrove-Richview (7)
8,Humber Heights-Westmount (8)
9,Edenbridge-Humber Valley (9)
10,Princess-Rosethorn (10)
11,Eringate-Centennial-West Deane (11)
12,Markland Wood (12)
13,Etobicoke West Mall (13)
15,Kingsway South (15)
16,Stonegate-Queensway (16)
18,New Toronto (18)
19,Long Branch (19)
20,Alderwood (20)
21,Humber Summit (21)
22,Humbermede (22)
23,Pelmo Park-Humberlea (23)
24,Black Creek (24)
25,Glenfield-Jane Heights (25)
27,York University Heights (27)
28,Rustic (28)
29,Maple Leaf (29)
30,Brookhaven-Amesbury (30)
31,Yorkdale-Glen Park (31)
32,Englemount-Lawrence (32)
33,Clanton Park (33)
34,Bathurst Manor (34)
35,Westminster-Branson (35)
36,Newtonbrook West (36)
37,Willowdale West (37)
38,Lansing-Westgate (38)
39,Bedford Park-Nortown (39)
40,St.Andrew-Windfields (40)
41,Bridle Path-Sunnybrook-York Mills (41)
42,Banbury-Don Mills (42)
43,Victoria Village (43)
44,Flemingdon Park (44)
46,Pleasant View (46)
47,Don Valley Village (47)
48,Hillcrest Village (48)
49,Bayview Woods-Steeles (49)
50,Newtonbrook East (50)
52,Bayview Village (52)
53,Henry Farm (53)
54,O'Connor-Parkview (54)
55,Thorncliffe Park (55)
56,Leaside-Bennington (56)
57,Broadview North (57)
58,Old East York (58)
59,Danforth East York (59)
60,Woodbine-Lumsden (60)
61,Taylor-Massey (61)
62,East End-Danforth (62)
63,The Beaches (63)
64,Woodbine Corridor (64)
65,Greenwood-Coxwell (65)
66,Danforth (66)
67,Playter Estates-Danforth (67)
68,North Riverdale (68)
69,Blake-Jones (69)
70,South Riverdale (70)
71,Cabbagetown-South St.James Town (71)
72,Regent Park (72)
73,Moss Park (73)
74,North St.James Town (74)
78,Kensington-Chinatown (78)
79,University (79)
80,Palmerston-Little Italy (80)
81,Trinity-Bellwoods (81)
83,Dufferin Grove (83)
84,Little Portugal (84)
85,South Parkdale (85)
86,Roncesvalles (86)
87,High Park-Swansea (87)
88,High Park North (88)
89,Runnymede-Bloor West Village (89)
90,Junction Area (90)
91,Weston-Pelham Park (91)
92,Corso Italia-Davenport (92)
94,Wychwood (94)
95,Annex (95)
96,Casa Loma (96)
97,Yonge-St.Clair (97)
98,Rosedale-Moore Park (98)
99,Mount Pleasant East (99)
